algorithm,MSE,r2_score
LinearRegression,2568.4943089018343,83.98035302706434
RandomForestRegressor,3877.7746257594035,75.81439821377951
