algorithm,RMSE,r2_score
LinearRegression,50.68031480665678,83.98035302706433
RandomForestRegressor,62.27178033234158,75.81439821377951
SageMaker XGBoost v0.90-2,56.02364082190928,80.42431394158442
